Category,Term,Count,%,PValue,Genes,List Total,Pop Hits,Pop Total,Fold Enrichment,Bonferroni,Benjamini,FDR
GOTERM_CC_DIRECT,GO:0000785~chromatin,176,6.285714286,9.66E-05,"ATF2, RIF1, JMJD1C, NUCKS1, RORA, SOX21, LOXL2, SOX2, ELK4, UXT, SOX3, HMGN4, CCND2, CREB3L4, BASP1, SOX15, CREB3L1, POGZ, CAPN2, BBX, SOX9, HMGN2, ARID2, SOX5, TSPYL2, MEF2A, SMARCC1, SMARCC2, ESCO1, USP3, ZBTB37, FOXH1, RFX3, SOX11, PPP4R3B, POU3F4, MSH6, MYCL, THAP5, MAF, RFX5, TIMELESS, ZNF711, ADNP, ZFPM1, CLOCK, ATF6, TSPYL5, KMT2E, L3MBTL1, HOMEZ, MAGED1, TSHZ2, UBR2, NPAS1, FOXO1, RAD21, ZBED1, OTX2, BPTF, SMAD2, CBX7, TFAP2C, SMAD4, JUND, FANCM, CBX1, POU6F2, PBX3, PBX2, SMAD9, NR1D2, FOXN3, POU2F2, SMARCA1, ZFHX4, SMAD5, WAPL, PBX1, NFATC4, NFKB2, MLXIPL, FER, STAG2, LHX1, BHLHE40, MYF6, REL, CHMP2A, TCF4, HBP1, SP8, RCOR2, PAM, TP73, FANK1, CALCOCO1, CSRNP3, BNC2, CITED2, CHD7, ONECUT1, AKAP8L, BHLHE41, HMGB2, CHD6, CHD4, CHD3, HIF3A, ZC3H6, CHD2, HHEX, CHAF1B, HPF1, NIPBL, DBP, BCL7A, SIN3A, KLF11, KLF13, FOXD1, OLIG3, NCOA3, TCF12, TFE3, TFEB, OLIG1, SIRT1, RBL2, ZEB1, NCOR1, AEBP2, ELF3, PPARA, PLCB1, TRIM56, NFAT5, KDM3A, KDM3B, SATB1, HDAC1, PBXIP1, NSD3, MUC1, NFIL3, CUX1, HSF2, NSD2, MXI1, BRD7, ZNF740, TRIM45, HES4, TCFL5, IRX1, TCF7L2, IRX2, CDX4, KDM4C, ZNF580, IRX3, STAT2, MGA, NAP1L3, NAP1L1, TBX6, MEIS3, KLF4, NAP1L5, GATAD2B, KLF8, PINK1, TEF, NFIA, NFIB, TAF1",2549,654,12267,1.295100435,0.095811266,0.100712301,0.100712301
GOTERM_CC_DIRECT,GO:0005813~centrosome,134,4.785714286,9.88E-04,"ITSN2, CEP126, SPPL2B, CCP110, UXT, CAPN7, RNF19A, NEK1, CEP250, RTTN, CEP97, ZNF322, CDK5RAP3, CDK5RAP2, CDKL2, CDKL5, FBXW11, SPICE1, IFT80, ZNF12, PPP4R3B, CLIP1, KATNAL1, FAM161A, IFT81, FEZ1, AKAP9, OBSL1, BRSK1, CUL7, BOD1L1, ARL2, NDRG1, CAMSAP2, DYNC2LI1, ODF2L, SPAST, CEP70, ZBED1, CEP192, PIBF1, DRD4, CNTLN, NEK9, ANKRD26, CEP112, SMAD4, CCDC14, CEP350, RAB3IP, TBCD, HOOK3, WAPL, AHI1, CCDC88A, CDK6, HOOK1, CAPRIN2, UNC119, CALM3, ATM, DZIP1, DENND1C, CEP57, GSK3B, GPSM2, CLIC4, NUMA1, CETN3, CHD4, SNX10, CHD3, BICD1, HK2, IFT52, PCM1, CNTRL, KIF13A, CEP170, ERC1, ACADS, CEP290, NINL, LRRCC1, IQCB1, ARHGEF10, PPP1R12A, IFT140, CEP295, C4ORF47, TUBG2, AXIN2, CCSAP, CKAP5, DYNLL2, PJA2, MZT2B, RILPL1, TRAF5, EXOC4, ARHGEF7, KIZ, PAFAH1B1, DYNC1I2, RABGAP1, DCTN2, PLAG1, GNAI1, CDC42, IFT74, WRN, TMEM67, MVB12A, POC1B, PCNT, CLASP1, DYNC1H1, SLC16A1, ERCC6L2, HIPK1, TTC19, MIB1, MPHOSPH9, MARCKS, NIN, ALMS1, TCEA2, CEP162, CTNNB1, B9D1, PKN2, YPEL5, CLUAP1, CEP44",2549,502,12267,1.284605009,0.643213629,0.444272869,0.444272869
GOTERM_CC_DIRECT,GO:0005604~basement membrane,28,1,0.001299856,"LAMA5, CD151, LAMC1, NID1, EFNA5, LOXL2, EFEMP2, DST, LAMB2, SERPINF1, ERBIN, P3H2, CASK, HSPG2, TMEFF1, ATRN, SMOC2, DLG1, FRAS1, COL4A2, COL5A1, COL4A1, COL4A6, COL9A1, COL4A5, ANG, AGRN, FREM2",2549,74,12267,1.820936668,0.74247332,0.444272869,0.444272869
GOTERM_CC_DIRECT,GO:0031430~M band,10,0.357142857,0.001943026,"OBSCN, S100A1, NBR1, CMYA5, ENO1, ALDOA, SMTNL2, OBSL1, ANK1, SPTBN1",2549,16,12267,3.007797175,0.868473564,0.444272869,0.444272869
GOTERM_CC_DIRECT,GO:0005856~cytoskeleton,108,3.857142857,0.002129784,"FHOD3, RIPOR2, DIXDC1, FNBP1L, UXT, PPP1CC, BAIAP2L1, BASP1, ARL6IP5, LZTS3, CDK5RAP2, MYLIP, SLC30A9, FNBP1, TPM1, TSC1, ANK1, PREPL, AKAP9, PKP4, WDPCP, ANKRA2, UTRN, PFN2, EPB41, RHOBTB3, STK39, PPL, GLG1, EPB41L5, SNTG2, INPP5D, TTC21B, MAP2K6, BBS2, PTK2, FER, DNMBP, JMY, TENM1, CALCOCO2, SH3KBP1, KCNC3, LMOD1, HSPB1, BICD1, OSBPL10, AKAP12, SGCE, PCLO, TMSB4X, TCTN1, KIF13B, NOS1, SPTAN1, CEP290, JAK3, NEFH, DSP, CCDC110, PPP1R12A, DST, HSBP1, CEP295, TYK2, DYNLL2, CIT, ENAH, HCK, TMSB15A, CDC42EP5, ALDOC, PPP1R12B, LRP1, ROCK1, MVP, ADD3, UACA, ADD1, FGD4, FGD6, CTNNA1, FLNC, IGF2BP2, PLEKHH1, WASF3, FARP1, USP9X, SPAG4, KLHL3, CDC42BPB, CDC42BPA, PTPN14, SORBS3, LRPPRC, RSPH3, MYO1E, KRT19, PINK1, TEC, KLHL5, MYO15B, ABI2, KATNBL1, CCDC6, TRIP11, VIM, PTPN4",2549,400,12267,1.29936838,0.891795597,0.444272869,0.444272869
GOTERM_CC_DIRECT,GO:0005634~nucleus,987,35.25,0.006212871,"ATF2, ZNF296, TFRC, ZNF292, TESK2, ZDBF2, ZC3H12C, ALKBH5, LSM11, GPBP1, AKT3, BBX, TMEM8B, MEF2A, CHID1, WDHD1, ENDOG, TSTD1, STARD9, RFX3, DICER1, ZNF12, ZNF14, DDX39B, RFX5, TXNIP, ATF6, CLOCK, OPTN, ZNF276, EXD2, CRABP2, FIGNL2, BAZ2A, BAZ2B, AFMID, MYO6, PIP5K1A, LTA4H, ZNF264, HACE1, TIPARP, ZNF260, PBX3, PBX2, EIF2AK2, ZNF34, PBX1, DAZL, MOV10, MLLT10, AGO4, FAT1, PYDC1, DZIP1, EZH1, ZNF254, ZNF251, NCAPG2, BHLHE41, ZNF43, TDRP, ZNF44, SNX10, JRKL, TRIOBP, IKBKB, CHAF1B, MED14, NIPBL, MED13, APPL2, RMI2, CNOT6L, DUSP3, PGAM2, DUSP8, SIRT1, DYNLL2, LRRC41, MED28, DDB2, MED23, POT1, PPARA, DLD, PAFAH1B1, C11ORF54, TMF1, ZNF470, ZNF518B, ZNF518A, ZNF66, CCNDBP1, CENPC, WRN, PMS2, FLNB, ZNF227, ZNF226, ZNF467, NKTR, EGLN1, MBD5, EGLN3, ATAD5, USP9X, USP9Y, STAT2, ATAD2, ZNF77, GATAD2B, TARBP1, CENPH, YPEL1, ZNF217, PKN2, YPEL5, YPEL3, YPEL2, ZNF451, CCNT2, RIF1, C11ORF71, ZBTB21, ZBTB20, RORA, CASC3, SESN3, SESN1, ZNF449, PABPC4L, NEK1, KMT5B, KPNA5, SLC25A42, ZNF445, NUDT12, CDKL2, ZNF441, CDKL3, BNIP3L, ZNF681, IK, CDKL5, AGTPBP1, KHNYN, S100A1, KMT5C, FST, PIAS2, PIAS1, MSH6, OLFM2, MAF, DMTF1, MSH3, PKP4, ZNF678, ZNF677, SNRNP200, AJUBA, ZNF433, ZNF675, PVALB, ZNF431, KMT2E, KMT2A, KMT2C, ARL2, FHIT, NPAS1, FOXO1, HSP90B1, SAV1, ATXN1, TKFC, MED30, ZKSCAN8, ZKSCAN2, SMYD4, KHDC4, ZNF667, SMYD3, ZNF664, EVI5, ZKSCAN1, IP6K2, ZBTB18, NEK9, TIA1, ZBTB10, OGA, FOXN3, EEF2, QKI, NFKB2, DRAP1, MLXIPL, ZNF419, ZNF418, MDM2, ZNF658, MDM4, SP8, ZNF655, ZNF654, OGT, ZNF652, ZNF891, NUMA1, CELF2, AKAP8L, ONECUT1, CELF4, CELF5, HHEX, PPP1R13L, PPP6R2, ZNF404, HMG20A, ZNF644, CEP290, DSP, ZNF880, APAF1, DST, VBP1, ATRX, RAD23A, MSL1, NEMF, SYF2, ZNF638, LCOR, GAPDH, BIRC2, SPACA9, PRKAA2, UHRF2, LRP1, PPM1N, PBXIP1, MLLT3, PPM1E, CXXC4, MALT1, ZBTB41, CECR2, IFI16, TP53INP1, ZNF626, SH3BP4, IGF2BP3, IGF2BP2, ZNF621, HNRNPA1, FEM1B, TBX6, CTCFL, PINK1, SNRK, NOVA1, PDCD4, ZNF610, CCNI, FOXI3, IFI35, IKZF2, NUDT6, RCBTB1, UXT, LGALS1, SNRPD2, TRIM24, CPNE1, ZNF721, TRIM22, SMARCC1, ZFP2, FOXH1, NSMCE1, CIRBP, CSNK1E, ANK1, GCAT, THAP2, CFDP1, THAP5, ZNF717, ZNF714, MXRA8, ZNF711, BCORL1, L3MBTL1, EPB41, MYCBP2, PIK3R1, BRCC3, ZBTB4, TTBK2, MBTD1, BRIP1, MRNIP, PPCS, XRRA1, ZNF704, MIER1, HLTF, HIVEP1, ZBED1, SNX6, INTS2, SMARCA5, SMARCA1, HSPA12A, WAPL, PTK2, MED13L, ID2, PPP1R1B, ID4, NDUFAF3, CALM3, INTS6, RCOR2, SUGP2, TP73, CSRNP3, OTUD7B, N4BP2L2, PTMS, REV3L, ARIH1, ACADS, AASS, CCDC110, FOXD1, NCOA3, ZFR, PABPC5, COMMD3, CCDC117, COMMD6, SUPT3H, MN1, TOX3, PABPC1, PNCK, SATB1, XIAP, CAPG, PRKX, PRICKLE1, GNAI1, SH3BGRL, ZFP14, FAM172A, NFIL3, SERTAD2, HSF2, GPC4, ZNF585A, CAVIN1, ERCC6L2, HUWE1, MIAT, PER3, CCNG2, STK17B, CCNG1, TTC3, TCEA2, TCEA1, ZFP28, UBE3A, PRDM2, ACRBP, CARF, IGF1R, LOXL2, CCND2, ZNF83, CAPN7, CAPN2, SLC30A9, HFM1, FBXW11, ADAM10, RPP25L, POU3F4, SPOCD1, EEF1A1, ZNF91, HNRNPUL2, PPIE, HOMEZ, DDX6, UBA6, CACNA1A, NDRG2, NDRG1, SYCE3, RAI1, CAMTA1, PIBF1, TFAP2C, UBE2H, PHF11, CLK4, ZFHX4, CLK3, PAN2, APPBP2, BHLHE40, PHF13, TCF4, UBA1, FGF11, DDX3Y, YWHAE, GSK3B, RBM26, CHD7, HP1BP3, CHD6, HMGB2, PSIP1, CHD4, CHD3, TENT4A, CHD2, DNPH1, AFF1, GHR, UFL1, ZIC2, ZIC3, GATAD1, MYO18A, OLIG3, ABHD14B, OLIG1, TBC1D1, DPPA4, ELF3, NAA38, FBP1, LAMA5, DDX25, MVP, SAMHD1, ADD1, ATAD2B, CAND2, IFT74, PDLIM2, MTA1, MXI1, MVB12A, VHL, CRYM, MTA3, ATF7IP, NIPSNAP3A, TAF15, BNIP3, MX1, ZIC5, USF3, SOD3, MAPK10, UFM1, CCS, REST, TEF, KATNBL1, ERCC1, ERCC2, CFAP36, ERCC6, R3HDM2, TAF1, CYFIP2, SMC5, MSANTD4, ENO1, SOX21, GPATCH8, DCAF6, NYNRIN, ELK4, ZSCAN30, CREB3L4, ZMIZ1, SOX15, CREB3L1, MYB, VPS36, CDK5RAP3, DDX17, GAMT, TSPYL2, PRKCG, PRKCB, ZNF160, SOX11, WDR76, TSPYL5, ZNF397, ZNF154, ZNF395, PRKDC, ZNF391, HSPA4L, XPC, RNPC3, C9ORF72, LDHA, RAD21, ZNF146, SERF2, ZSCAN18, LHPP, CDK18, CDK19, PHC2, ZNF141, JUND, ZNF382, GTF2IRD2, RAB3IP, POU6F2, BRAF, NR1D2, PHC3, NFATC4, REL, HBP1, ZNF138, CDK13, ZNF135, CDK16, FANK1, PHF3, CDKN1C, CEP57, ZNF133, SETD5, SETD2, SMG1, CDKN1A, BTG2, BTG1, CDKN1B, ASH2L, PHF7, TRIM8, ING4, GLI4, UBL5, CSRP2, TMSB4X, ZNF280C, GPRASP2, TIGD1, TPI1, TIGD7, HSBP1, TESC, TCF12, TET2, TET1, SERPINB9, ASH1L, TERF1, CIT, GCHFR, RNF169, ZEB1, PLCB4, NCOR1, KIFC2, MTF2, ZNF117, SINHCAF, PLCB1, SGMS1, AHNAK, RNMT, FIGN, NSD3, NSD2, ANKRD54, CHML, BRD7, SF3B1, RUNX1T1, ZNF100, ZNF581, GSN, ZNF580, MGMT, AGL, CARD8, ELP2, ELP4, HIPK1, HIPK3, LRPPRC, HIPK2, WDR11, AGBL5, ZNF33A, RNF146, NFIA, ABI2, NFIB, ZNF337, ZNF577, ZNF334, ZNF333, ZNF331, ANKRD37, MRE11, FMR1, ANKRD33, CLSTN1, CTNND1, FGF2, IPO5, PPP1CB, NPEPPS, PPP1CC, HMGN4, SALL1, ZFP30, SALL3, SALL4, ZNF329, MACROD1, PAPOLA, CHP1, MACROD2, HMGN2, PHLDA1, ZFP37, ZNF563, GTF2I, TLE4, USP8, RALGAPA1, MAGI3, SWAP70, IGFBP3, USP3, MAGI2, DYRK1B, VRK3, CLIP3, CLIP1, KAT6B, KAT6A, MALAT1, PHIP, ADNP, ZNF555, TOX, SNRPA, ZNF793, BRSK1, ZNF791, TNKS, ANKRD11, UBR2, RLF, BTBD3, UBR5, TPR, ZNF785, MAP2K5, ZNF783, POLR3GL, CEP350, BTBD8, MOB1B, CDK6, SCCPDH, NBEA, YEATS2, BCL6, CNOT1, LHX1, NF1, ZNF532, ZNF770, CALCOCO1, BNC2, CALCOCO2, UFSP2, ZC3H6, DUSP18, ZFP82, SYNE2, SIN3A, TLK2, TLK1, PHACTR1, ZNF521, RFC1, ZNF75D, SMC1A, ZFP90, PTBP2, PKM, ZNF519, CTDSP1, ZNF516, NUMB, ZNF514, ANG, LCORL, NFAT5, HDAC1, RNF38, DPCD, HDAC9, ZNF507, ASCC3, ZNF740, FKTN, IRX1, PTPN18, IRX2, IRX3, AHNAK2, PTPN14, PNRC1, RAD50, ZNF738, IMPDH2, CEP162, CEBPZ, ZNF732, PFKM, ZNF730, TPT1, PFKP, CUL4B, APP, PANK3, ZMYND8, SOX2, ZNF608, PPP2R1A, ZNF605, ZNF844, LONP2, SOX9, MYOZ1, MAGEA4, SOX5, ESCO1, KRT7, UHMK1, INPP4A, KATNAL1, XRN1, RRAGB, KATNAL2, HSBP1L1, ANKRA2, NEIL1, ZFPM1, ALDH7A1, MAGED1, CSTF3, TSHZ2, STC1, NLK, FXR1, SPAST, FXR2, CMYA5, TP53BP1, RALGDS, ARGLU1, SPTBN1, SCAI, TRMT1L, ZRANB1, RABGAP1L, PARP14, TRERF1, GADD45G, PARP11, STAG2, CREBRF, ATM, MAGED2, ANP32B, RBAK, ATR, DCP1B, TOP2B, TENM1, CLIC4, TENM4, CITED2, ZFAS1, NKAP, RSF1, XPO1, ZMYM2, HINT3, ZMYM5, PRX, ZMYM6, UBXN7, CCHCR1, TSC22D1, STRADA, STRBP, TFE3, TFEB, TUBG2, TYK2, CBFA2T2, CBFA2T3, MLF1, RAD51B, HCK, HNRNPH1, MAPT, ALDOA, VGLL3, DNASE1L1, TYMS, RAD54B, PURA, CUX1, GPBP1L1, APBB1, TBL1X, PURG, CDX4, MYEF2, GDF15, ERBIN, SORBS2, SORBS3, MLH3, ATP5PO, CTNNB1, MEGF8, ZNF354C, FRA10AC1, TJP3, ARID4B, NUCKS1, BASP1, POGZ, MEIOC, KNTC1, TMEM38B, CMTR2, RALBP1, APLP2, KCTD1, TSC1, CDYL, RSBN1, PREPL, LOX, SCG5, TIMELESS, CHMP4B, LPP, STK3, EFNB1, ZMAT1, ZMAT4, PMAIP1, OTX2, RPRD1A, MYH10, BPTF, SMAD2, CBX7, SMAD4, CBX5, CBX4, NONO, PTCH1, CBX1, SMAD9, HELZ, POU2F2, SMAD5, SEPSECS, FER, LIN28B, DLG1, JMY, RFXAP, MYF6, BRWD1, FGFR3, BRWD3, FGFR2, FGFR1, KDM5A, KDM5B, USP37, KDM5D, USP32, USP34, HSPB1, YBX2, SENP6, RBM4, SENP7, HPF1, DBP, SNAPC3, PDE4A, POLL, POLK, NOS1, RBM5, RBM6, STPG1, KDM6B, KLF11, USP47, KLF13, PTGIS, CAMK1D, AXIN2, PPP2R5C, TGFBR1, LATS1, RBL2, AGAP9, LATS2, PALLD, MYH9, TERF2IP, DNASE1, FAN1, RBKS, KDM7A, CHMP5, USP13, SLFN5, KDM3A, CAMK2D, ABRAXAS1, USP11, UACA, TOB1, CIART, STRN3, MUC1, UGP2, FAM120B, S100PBP, HES4, TCFL5, SPEN, USP24, POLQ, TCF7L2, USP25, STN1, KDM4B, KDM4C, NAP1L3, ZFC3H1, NAP1L1, ARID3A, USP28, MEIS3, NAP1L5, SSBP2, PAXBP1, LPIN3",2549,4485,12267,1.05906651,0.998496919,0.976561054,0.976561054
GOTERM_CC_DIRECT,GO:0005777~peroxisome,31,1.107142857,0.007348214,"ABCD4, ECI2, PEX11B, HSD17B4, DEPP1, HMGCL, ACOXL, AKAP11, LONP2, XDH, NUDT12, GSTK1, PHYH, HSDL2, ACBD5, PNPLA8, EPHX2, IDH2, ECH1, MYO5A, PEX1, PEX13, SYT7, NUDT7, PEX6, PEX5, CAT, PIK3C3, TRIM37, VIM, PEX11G",2549,94,12267,1.587092978,0.999543757,0.976561054,0.976561054
GOTERM_CC_DIRECT,GO:0000792~heterochromatin,17,0.607142857,0.007490401,"ZBTB18, TOP2B, DDX6, PHC2, CBX5, UHRF2, KMT5C, HDAC1, ATRX, CBX1, PSIP1, SIRT1, WDR76, SALL1, SALL4, UBA1, EZH1",2549,42,12267,1.947906742,0.999607076,0.976561054,0.976561054
GOTERM_CC_DIRECT,GO:0016459~myosin complex,13,0.464285714,0.012739829,"MYO10, MYO5A, MYO9A, MYO1D, MYO1E, MYO15B, MYO5B, MYO6, MYO18A, MYH9, BMF, MYH10, CGNL1",2549,30,12267,2.085406042,0.999998443,1,1
GOTERM_CC_DIRECT,GO:0008023~transcription elongation factor complex,10,0.357142857,0.01275009,"ICE2, TCEA2, ELP2, ELP4, ERCC6, MLLT3, AFF4, ELL2, SUPT6H, AFF1",2549,20,12267,2.40623774,0.99999846,1,1
GOTERM_CC_DIRECT,GO:0010494~cytoplasmic stress granule,27,0.964285714,0.013129991,"DDX6, PRKAA2, ROCK1, DDX25, FMR1, ZFAND1, CASC3, C9ORF72, GIGYF2, RBM4, ENDOV, ATXN2, PABPC4L, G3BP2, IGF2BP3, IGF2BP2, TIA1, PABPC5, CIRBP, PUM1, RC3H2, HIPK2, PUM2, MOV10, CSDE1, PABPC1, LSM14A",2549,82,12267,1.584595585,0.999998969,1,1
GOTERM_CC_DIRECT,GO:0042995~cell projection,41,1.464285714,0.013351332,"NLGN2, TENM3, TRIO, MEGF10, FMR1, NRXN1, CLSTN1, ITSN1, STON1, RHOBTB3, CACNA1A, SLC2A3, CDC42, ODF2L, SH3PXD2A, MDK, PDPN, THSD7A, RAB11FIP2, SPTAN1, CEP290, SPTBN1, ACTN3, DST, CEP350, ZDHHC17, SYT7, PTK2, RSPH3, KCTD8, ENAH, HCK, FER, FCHSD2, MORN4, PITPNM3, RHOU, KCTD12, UTRN, OGT, KIZ",2549,138,12267,1.42979344,0.999999184,1,1
GOTERM_CC_DIRECT,GO:0036464~cytoplasmic ribonucleoprotein granule,23,0.821428571,0.014112201,"DDX6, SERPINB1, TSTD1, KHNYN, USP3, TUT4, FMR1, GHR, CDC42, NYNRIN, FXR1, ZC3H12C, MOV10, FXR2, BTBD1, AGO3, AGO4, POLI, PMS2, MAPT, PABPC1, LSM14A, DCP2",2549,67,12267,1.652043822,0.999999635,1,1
GOTERM_CC_DIRECT,GO:0030424~axon,75,2.678571429,0.016330599,"ROBO2, ROBO3, APP, GSK3B, NRP1, NRP2, TENM3, PTPRS, GDI1, FMR1, KCNC3, KCNC4, DOCK7, SLC8A2, IGF1R, ROBO1, PCLO, ALCAM, BOC, PALM, KIF13B, NEFL, NEFM, KIF1B, SLC12A6, NEFH, SBF2, SPG11, EPHA4, DST, PLEKHG5, ATP6AP2, LMTK3, COBL, ADAM10, CPT1C, CCSAP, SRCIN1, MAPK8IP3, DNM1, CD2AP, UHMK1, BACE1, PALLD, FEZ1, SCN8A, RUFY3, WDFY3, MAPT, ADNP, PVALB, NECAB2, PRKAA2, MYCBP2, SLC1A1, FXR1, SPAST, FXR2, NTF3, MAP7, GABRA2, NTNG2, FZD3, CADM2, INSR, IRX3, MX1, KLHL24, BTBD8, MYO1D, PINK1, NF1, VIM, ADGRL2, HCN1",2549,283,12267,1.275391028,0.999999965,1,1
GOTERM_CC_DIRECT,GO:0005814~centriole,41,1.464285714,0.019084717,"ROCK1, INTU, CETN3, CCP110, CAPG, CCDC102B, TTBK2, IFT52, ODF2L, PCM1, CEP250, POC1B, CEP170, CEP192, RTTN, CCHCR1, CEP97, PCNT, CEP290, LRRCC1, CNTLN, IQCB1, IFT140, CEP350, CEP295, MAGI2, STARD9, SPICE1, CCSAP, TSGA10, AHI1, CCDC88A, MPHOSPH9, NIN, RILPL1, IFT81, ALMS1, CEP162, CEP83, DZIP1, CEP44",2549,141,12267,1.399372303,0.999999998,1,1
GOTERM_CC_DIRECT,GO:0005581~collagen trimer,18,0.642857143,0.020442759,"COLEC12, COL13A1, COL11A1, PCOLCE, C1QL3, COL1A1, COL1A2, COL4A2, P4HA1, COL5A1, LOX, COL4A1, COL6A2, COL6A1, COL4A6, COL9A1, COL4A5, EMID1",2549,50,12267,1.732491173,1,1,1
GOTERM_CC_DIRECT,GO:0016020~membrane,594,21.21428571,0.032255573,"CYFIP2, TFRC, ENO1, ENO2, CLDN1, NYNRIN, EVA1B, CREB3L1, EVA1C, AKT3, DIP2A, CDK5RAP3, VPS39, DDX17, PRKCG, CHID1, GSTK1, GABARAPL1, C5ORF15, FNDC3A, SCAMP1, HSPG2, FRS3, TMEM80, RC3H2, CLDN3, DAAM1, RUFY3, ORAI3, ATF6, MTMR3, TTYH1, ABCB7, PRKDC, FAXDC2, HPN, GIGYF2, GLG1, PCNX1, LDHA, RNF213, RHOT1, CHST12, RAD21, MYO6, RNF217, SYNDIG1, ST3GAL6, RHBDL3, KIAA0319L, RHBDL1, EDEM3, ABCA2, PRRT3, FZD3, CADM4, JAG1, FZD2, PRRT2, LRBA, FZD6, EDEM2, STARD10, EXOC6B, FZD8, EIF2AK2, LNPEP, SLC16A14, GPR137B, SLC6A8, AGO3, AGO4, FAT1, FNDC10, XKR4, AVL9, PAM, XKR6, XKR5, GPI, MTMR10, PIGN, KCNC3, HEXA, NCAPG2, KCNC4, STON1, SNX10, PIGV, TMEM187, OSBPL10, EEA1, MED14, MED13, TCTN1, RNF150, JAK3, EMD, APPL2, PCMTD1, IKBIP, SERPINB1, KCND2, PGAM1, ELMOD2, SLC2A12, LRRC40, SERPINB9, C1ORF43, TMEM42, DYNLL2, LRRC41, MED28, CIT, BACE1, BACE2, NCOR1, HEATR5B, CDC42EP5, EXOC4, TMEM106B, GAS1, L2HGDH, PIGL, VAMP2, HLA-DQB1, EXOC1, NBAS, SAMD8, SGMS1, AHNAK, ATL3, USO1, GCNT1, ATL2, ADCY6, TM9SF4, TM9SF3, LMAN1, TMEM168, ERMP1, TMEM169, TMEM68, GCNT2, FLNB, GPR155, TP53I11, RNF130, SLC16A1, USP9X, KIDINS220, MGMT, TMEM64, TMCO3, LRPPRC, ARCN1, WDR11, KTN1, FIG4, TMEM158, TMEM54, RNF149, PCYOX1L, PLP2, ADGRL2, ERO1A, SEMA5B, KCNG3, CSF1, FMR1, DGKA, CLSTN1, GOLIM4, IPO7, SLC8A2, IPO5, CDH1, RNF19A, LEPR, SLC26A11, SLC16A8, SLC16A9, SLC16A3, GTF2I, BNIP3L, STX8, MAGI3, STX7, MAGI2, ATP11B, ATP11A, ARMCX4, CACNB3, ACAP2, C1ORF115, MSH3, FKBP8, ADAM9, UTRN, SNRNP200, RAB5B, CD151, CALCRL, ABHD1, GLT8D1, HSP90B1, MTM1, ATXN2, CLTCL1, UBR5, PGK1, DRD4, OSBPL9, MFSD6L, CEP350, OGA, HPS4, EEF2, SCCPDH, NBEA, P4HA1, CNOT1, PTPRA, CPD, SLCO1A2, NF1, MYCBPAP, SERINC1, GPR107, OSBPL1A, BCL2L2, DPP10, CNTNAP1, SFT2D3, CALCOCO2, POMT1, PIK3CD, ELFN1, BICD1, OPA1, ERC1, SERAC1, SLC37A4, CEP290, DSP, ADGRV1, PDCD6IP, PIANP, DST, SMIM19, COBL, ARFGAP3, ATRN, DNAJC4, PIK3C3, GAPDH, SMIM24, SLC24A1, NLGN2, LRP1, PBXIP1, JAKMIP1, TSPAN31, CDC42, TGFBR3L, DCAF17, IFI16, HECTD4, ANKAR, VPS54, ASCC3, HNRNPA1, KCNJ2, LINGO3, NLGN4X, DDHD2, CDC42BPB, SORL1, PFKL, PINK1, RAD50, MARCKS, P2RX4, SYT12, EIF3L, IMPDH2, EIF3H, EIF3F, PFKM, PFKP, EIF3A, IFI27L1, APP, VIPR2, PLEKHB1, ECI2, ICAM4, GCC2, IFI35, ICAM5, CYB5D2, PNN, HERC1, PPP2R1A, NIPAL1, PEG10, HMCN2, ARL6IP5, PIEZO2, CPNE1, BCAP29, LONP2, PTGFRN, SPA17, SLC12A6, ALG9, ENTPD4, FBXO2, ENTPD5, ECH1, HLA-A, ANK1, HLA-E, TIAM2, PPP1R3F, SNORC, XRN1, MXRA7, ANKRA2, PLPP3, PLPP1, TMEM87B, NRN1, TBC1D9B, MYCBP2, PEX11B, PIK3R1, PPL, FXR1, FXR2, SNX2, HLTF, DYM, TRPM4, BBS2, TMEM74B, INSR, INTS2, SUCO, MYO5A, PARP16, CPLANE1, PARP14, BST2, CCDC88A, STAG2, CALY, WNK1, PTK7, GOLGB1, PDE3A, LRRN1, MAGED2, FBXL2, CD24, ITM2B, DCP1B, ROBO2, NRP1, ROBO3, CLIC4, NRP2, TENM3, DOC2A, SLC44A1, SH3KBP1, SLC44A2, SLC35F5, HILPDA, AATK, MIA3, VLDLR, GYS1, PCM1, XPO1, PCLO, KCNT2, NNT, SLC22A18, CNTRL, SPTAN1, MAP4K1, IZUMO2, LYNX1, CAMLG, GAA, ANO6, TYK2, HNRNPH1, PITPNM3, CNKSR3, MAPT, CRELD1, PABPC1, MFGE8, ALDOA, NAPB, STX17, STX16, GDPD1, HSD17B4, GDPD2, TMPRSS2, NOL3, ATP5F1A, PGRMC2, PDPN, CTNNA1, KISS1R, PCNT, EPS15, LNPK, LMLN, DYNC1H1, PLEKHA1, PNPLA8, C1GALT1, HUWE1, SORBS2, AP2B1, PEX13, MYO9A, PCDHB10, VEGFA, ITCH, RIT1, MPHOSPH9, FKBP1B, NBR1, PNPLA4, CTNNB1, ESYT2, B9D1, MEGF8, SCARB2, DENND5B, SPPL2B, ARHGDIG, GXYLT1, TMEM260, SSC4D, CELSR1, TMEM263, CELSR3, IGF1R, LOXL2, TMEM144, TMEM145, CCND2, KIF5B, KIF5A, ENPP4, SBF2, CA14, CAST, SLC30A9, RALBP1, ZGRF1, CD300A, APLP2, ADAM10, TSC1, DNAJB14, ATP1B2, TMEM131, EEF1A1, TMEM134, DPM3, TMEM256, COL4A2, COL4A1, HNRNPUL2, SCN8A, COL4A6, COL4A5, WDFY3, DDX6, COPA, SLC1A1, CACNA1A, CUZD1, RASGRP1, TMEM121, EFNB2, TMEM123, TMEM245, FUT8, ADGRG2, MAN2A1, CASKIN1, PDZD8, ANKZF1, SPECC1, ACBD5, OPN3, NONO, CPSF2, SSC5D, HELZ, CLK3, SYT7, SYT6, DLG1, CCPG1, CHMP2A, DEGS1, COPE, FGFR2, FGFR1, LRP11, YWHAE, DDX3Y, ABCD4, CD164L2, USP32, LMOD1, SLC2A1, CHD4, SLC2A3, LAMC1, HK2, HS2ST1, GHR, TMEM101, UFL1, UPK1A, TMEM107, MYO18A, PDE4A, MADCAM1, GUSB, COLGALT1, TAS2R4, ARHGEF11, ABCC1, HSDL2, ARHGEF12, ABCC6, ATP6AP2, ABHD14A, SYNGR3, DDX50, CKAP5, DNM1, TGFBR1, LMBRD2, COL6A1, PEX5, CAT, CDH11, MYH9, DOCK1, B4GALT4, TMEM45A, COLEC12, KDM3A, CAMK2D, DCTN2, MVP, ACVR1B, ADD3, CLCN3, ATP2C1, LTC4S, AGPAT3, CLN5, STRN3, DLL3, VHL, CLASP1, CLASP2, C2ORF74, TMEM30A, GALNT3, CMTM4, CMTM5, MX1, ATP2B4, NAP1L1, ACVR2B, SLC4A8, INAFM1, SPRY3, KRAS",2549,2686,12267,1.064263007,1,1,1
GOTERM_CC_DIRECT,GO:0035869~ciliary transition zone,12,0.428571429,0.032999947,"DYNC2LI1, PCM1, INTU, TMEM67, TMEM107, CFAP36, CPLANE1, B9D1, TMEM80, CEP290, CCSAP, TTBK2",2549,30,12267,1.924990192,1,1,1
GOTERM_CC_DIRECT,GO:0097731~9+0 non-motile cilium,6,0.214285714,0.038098417,"TTLL6, PHYH, C1ORF115, C4ORF47, IFT80, DYNLL2",2549,10,12267,2.887485288,1,1,1
GOTERM_CC_DIRECT,GO:0070062~extracellular exosome,332,11.85714286,0.038883265,"CYFIP2, ITSN2, NCKAP1, APP, CPNE5, TFRC, ITSN1, DNHD1, ENO1, ENO2, SOGA1, GOLGA4, BAIAP2L1, ALCAM, LGALS1, SNRPD2, PPP2R1A, NAMPT, CPNE1, PTGDS, VPS36, CDK5RAP2, DYNC2H1, CHID1, GSTK1, PRKCH, ACTN3, PRKCB, SERPINF1, ECH1, SYTL1, KRT7, CMBL, HLA-A, MIF, DICER1, HDHD2, HSPG2, CD2AP, HLA-E, TIAM2, SFRP1, BCAM, BTD, PSME1, MXRA8, SERPING1, ALDH7A1, CES2, FREM2, PLPP1, PFN2, CFD, SDC4, CRABP2, HPN, NEDD4L, PPL, GLG1, PRDX2, LDHA, SPAST, MYO6, PLCG2, ST3GAL6, TSPAN3, LTA4H, SPTBN1, YES1, ST13, NEBL, INSR, MYO5A, HSPA12A, BST2, COL1A2, MYO5B, NAPEPLD, FAT1, ANP32B, PAM, ITM2B, DDR1, ROBO2, GPI, BTG2, CLIC4, PTPRS, SLC44A1, SLC44A2, GBE1, TUT4, HEXA, QPRT, PYGL, N4BP2L2, PTPRF, EEA1, NIPBL, UBL3, PCLO, GLIPR2, SH3BGRL3, SPTAN1, APPL2, SERPINB1, TPI1, GSTO2, NCOA3, PGAM1, GAA, PGAM2, SERPINB9, ANO6, TYK2, PTGR1, TAX1BP1, ALDOC, PABPC1, FAM20A, GAS6, CD46, MFGE8, PLCB1, ALDOA, GPRC5C, RHOQ, PCYOX1, PAFAH1B1, CRB2, NAPB, C11ORF54, AHNAK, TMPRSS2, CAPG, FSTL1, GNAI1, CST3, LMAN1, SH3BGRL, ATP5F1A, FLNB, GPC4, GPR155, DYNC1H1, MON2, MBD5, GSN, SLC16A1, GCA, PLEKHA1, GDF15, F12, ATAD2, HUWE1, ITCH, KRT19, AXL, TAOK1, CTNNB1, MEGF8, AGRN, NUCB2, SCARB2, MPI, CTNND1, PLOD2, SAT2, PLOD1, METRNL, PPP1CB, NPEPPS, EFEMP2, SLK, EFEMP1, BASP1, CAPN7, POTEI, CDH1, C1RL, CAPN2, CEP250, CHP1, ENPP4, SLC26A11, TMEM38A, RAB2B, CD300A, APLP2, STX7, IGFBP2, ADAM10, PCOLCE, EEF1A1, TMEM256, COL4A2, SCNN1A, SELENOP, ADAM9, CHMP4B, UTRN, PHPT1, RAB5B, COPA, SLC1A1, RHOBTB3, NDRG2, NID1, NDRG1, HSP90B1, ACAT1, EFNB1, FUT8, DPP7, TKFC, ADGRG2, CLTRN, MAN2A1, PODXL, COBLL1, CLTCL1, PSAP, ESD, PGK1, MYH10, CNTLN, BPTF, EPHX2, GFPT1, IDH2, EEF2, SYT7, MOB1B, BMP3, DLG1, GNAL, PTPRA, CPD, CHMP2A, CRYL1, UBA1, OSBPL1A, YWHAE, NUMA1, SLC2A1, HSPB1, SLC2A3, LAMC1, DNPH1, SYNE2, UPK1A, PTER, MB, SCRN2, PGLS, GUSB, EDIL3, PGM1, DSP, IQCB1, ABCC1, ADGRV1, PDCD6IP, ARHGEF12, APAF1, RFC1, VPS13C, RNASET2, VPS13D, ATP6AP2, VPS37D, ABHD14B, PEX1, OXSR1, DNM1, RBL2, ATRN, PKM, CTDSP1, NPC2, COL6A2, COL6A1, CAT, CDH11, MYH9, DNASE1, GAPDH, FBP1, CHMP5, LAMA5, DCTN2, MVP, SLC5A12, PRCP, MLLT3, UACA, THSD4, CLN5, CDC42, MUC1, UGP2, MTA1, RAB25, GNG7, MVB12A, SH3BP4, CCDC180, EPS8L2, HNRNPA1, BEND7, CRYM, WASF3, SPAG9, SPEN, GALNT3, LAMB2, CDC42BPB, CDC42BPA, SOD3, SORL1, MYO1D, MYO1E, PFKL, MARCKS, P2RX4, GLB1, IMPDH2, EIF3H, VIM, TPT1, PFKP, CUL4B",2549,1466,12267,1.089864843,1,1,1
GOTERM_CC_DIRECT,GO:0016327~apicolateral plasma membrane,9,0.321428571,0.03939148,"CRB2, KRT19, OCLN, CLDN3, CXADR, FZD6, PALM, CTNNB1, MPDZ",2549,20,12267,2.165613966,1,1,1
GOTERM_CC_DIRECT,GO:0031012~extracellular matrix,41,1.464285714,0.044205318,"COLEC12, FBN2, FBN3, COL13A1, COL11A1, PAPLN, LTBP4, HAPLN3, LTBP1, ELFN1, THSD4, GLG1, EFEMP2, ADAMTS13, EFEMP1, LRRTM3, ADAMTS19, LRRTM4, HMCN2, LRIG1, LRIG2, SERAC1, LINGO3, SSC5D, VEGFA, COL1A1, MMP11, COL1A2, COL4A2, COL5A1, MMP16, LOX, COL4A1, COL6A2, MMP23B, COL6A1, COL4A6, COL9A1, COL4A5, LRRN1, EMID1",2549,149,12267,1.324238219,1,1,1
GOTERM_CC_DIRECT,GO:0030426~growth cone,36,1.285714286,0.044801321,"APP, NRP1, COPA, PTPRS, DCTN2, FMR1, DOCK7, CTNND1, NDRG2, ENO2, FXR1, FXR2, BASP1, DPYSL3, NEFL, OTX2, APBB1, LRIG2, CXADR, USP9X, MYO5A, TSC1, DICER1, CSNK1E, MYO9A, MAPK8IP3, PTBP2, TIAM2, PINK1, PALLD, FEZ1, RUFY3, COPG2, ANG, CALM3, MAPT",2549,128,12267,1.353508729,1,1,1
GOTERM_CC_DIRECT,GO:0030175~filopodium,21,0.75,0.050208724,"FARP1, DYNC1H1, RIPOR2, EPHA4, CXADR, MYO10, SRCIN1, MTM1, CDC42, TIAM2, ENAH, FGD4, ABI2, PODXL, RUFY3, MYO6, PDPN, PALM, FAT1, ITGA6, UTRN",2549,67,12267,1.508387837,1,1,1
GOTERM_CC_DIRECT,GO:0044295~axonal growth cone,12,0.428571429,0.052168305,"EPHA4, NIN, LRP1, NRXN1, KIF5B, PTCH1, BOC, COBL, NEO1, MYO9A, C9ORF72, CLASP2",2549,32,12267,1.804678305,1,1,1
GOTERM_CC_DIRECT,GO:0036064~ciliary basal body,39,1.392857143,0.055993649,"FANK1, INTU, TSGA10IP, CETN3, SPATA7, TTBK2, CAMSAP2, DYNC2LI1, IFT52, ODF2L, PCM1, CEP250, POC1B, RTTN, ERC1, CEP290, BBS2, CDKL5, IFT140, CCDC113, RAB3IP, LCA5, IFT80, CCSAP, MLF1, PTK2, WDR11, AHI1, CCDC88A, TTLL6, DAAM1, FAM161A, RILPL1, IFT81, TTLL1, B9D1, BBOF1, DZIP1, SPACA9",2549,143,12267,1.312493313,1,1,1
GOTERM_CC_DIRECT,GO:0005782~peroxisomal matrix,15,0.535714286,0.057282612,"GSTK1, PHYH, EPHX2, ECH1, ECI2, HSD17B4, HMGCL, NUDT7, ACOXL, PEX5, CAT, LONP2, ATM, CRYM, NUDT12",2549,44,12267,1.640616641,1,1,1
GOTERM_CC_DIRECT,GO:0030018~Z disc,29,1.035714286,0.057643837,"FHOD3, SLC2A1, HSPB1, SYNE2, PDLIM3, PDLIM2, CSRP2, FLNB, FLNC, MYOZ1, PPP1R12A, ACTN3, DST, NEBL, S100A1, ATP2B4, SORBS2, ANK3, ANK1, KRT19, OBSCN, PALLD, SCN8A, FKBP1B, HRC, CTNNB1, PPP1R12B, OBSL1, TRIM54",2549,101,12267,1.38179989,1,1,1
GOTERM_CC_DIRECT,GO:0045111~intermediate filament cytoskeleton,16,0.571428571,0.058011244,"EXD2, SYNM, STN1, HSDL1, SYCE1L, DST, KRT7, DDX60, PJA2, CLK3, SYNE2, TTBK2, ING4, NEFM, PKN2, VIM",2549,48,12267,1.604158494,1,1,1
GOTERM_CC_DIRECT,GO:0098978~glutamatergic synapse,91,3.25,0.058086475,"YWHAE, GSK3B, NRP1, CNTNAP1, PRR7, NRP2, TRIO, PTPRS, DOC2A, ITSN1, CTNND1, CLSTN1, UBE3A, ICAM5, CDH8, EEA1, PPP1CC, PCLO, MAP1LC3A, LRRTM3, PPP2R1A, LRRTM4, CDH1, RNF19A, PPFIA4, USP8, EPHA4, GRID2, CDKL5, KCND2, FBXO2, ADAM10, SYN3, CPT1C, C1QL3, DYNLL2, SRCIN1, ADRA2A, GRIP2, DNM1, CACNB4, PLCB4, AKAP9, CDH11, NUMB, PLCB1, SHANK3, PAFAH1B1, PFN2, NAPB, LAMA5, NRXN1, CLCN3, NDRG1, FXR1, EFNB2, FBXL20, CDC42, CACNG7, PURA, NPTX1, GPC4, TENT2, PAK3, EPS15, DRD4, KCNJ2, SPTBN1, WASF3, SNX6, EGLN1, NTNG2, FARP1, PRRT2, YES1, CPSF2, ERBIN, ATP2B4, AP2B1, SYT6, MAPK10, SLC4A8, DLG1, CALY, SYT10, PPP1R1B, NF1, CTNNB1, OGT, ADGRL2, HCN1",2549,372,12267,1.177245346,1,1,1
GOTERM_CC_DIRECT,GO:0042641~actomyosin,6,0.214285714,0.058161413,"PDCD6IP, MYO18A, MYH9, CDC42BPB, CDC42BPA, MYH10",2549,11,12267,2.624986626,1,1,1
GOTERM_CC_DIRECT,GO:0001527~microfibril,6,0.214285714,0.058161413,"FBN2, FBN3, EFEMP2, LTBP4, LTBP1, THSD4",2549,11,12267,2.624986626,1,1,1
GOTERM_CC_DIRECT,GO:0016442~RISC complex,8,0.285714286,0.061176731,"MEG3, DDX6, AGO3, AGO4, DICER1, NEAT1, DCP2, TNRC6A",2549,18,12267,2.138877991,1,1,1
GOTERM_CC_DIRECT,GO:0005587~collagen type IV trimer,4,0.142857143,0.063975324,"COL4A2, COL4A1, COL4A6, COL4A5",2549,5,12267,3.849980384,1,1,1
GOTERM_CC_DIRECT,GO:0014731~spectrin-associated cytoskeleton,4,0.142857143,0.063975324,"EPB41, ANK3, ANK1, SPTBN1",2549,5,12267,3.849980384,1,1,1
GOTERM_CC_DIRECT,GO:1902737~dendritic filopodium,4,0.142857143,0.063975324,"FXR1, FXR2, MAP2, FMR1",2549,5,12267,3.849980384,1,1,1
GOTERM_CC_DIRECT,GO:0097431~mitotic spindle pole,13,0.464285714,0.065940228,"GPSM2, IK, NUMA1, TNKS, SMC1A, NIN, STAG2, FAM161A, KATNBL1, CNTRL, ARHGEF7, YPEL5, CDK5RAP2",2549,37,12267,1.690869763,1,1,1
GOTERM_CC_DIRECT,GO:0005815~microtubule organizing center,38,1.357142857,0.068868946,"KMT2E, BOD1L1, USO1, CETN3, ARL2, FIGN, SNX10, FRY, TRIOBP, CDC42, DYNC2LI1, AKAP11, CNTRL, CEP250, PCNT, EVI5, CLASP1, CDK5RAP2, CLASP2, BBS2, SPECC1, ABCA2, PDCD6IP, YES1, ERCC6L2, RAB3IP, C4ORF47, LATS1, MZT2B, KIFC2, AKAP9, ALMS1, VIM, NEIL1, SMTNL2, YPEL5, AJUBA, PAFAH1B1",2549,141,12267,1.296979208,1,1,1
GOTERM_CC_DIRECT,GO:0031982~vesicle,34,1.214285714,0.069735413,"DYNC1I2, DCTN2, AHNAK, NRXN1, GIGYF2, CST3, MUC1, DPP7, BASP1, KIF5B, MYO6, MVB12A, EPS8L2, APPL2, PRRT2, STX8, STX7, MYO5A, CASK, MIF, BMP7, WDR54, CD2AP, MYO1D, MYO1E, PKM, BMP1, DNAJC6, MYO5B, CHMP4B, CALM3, GPRC5C, GAPDH, VAMP2",2549,124,12267,1.319549729,1,1,1
GOTERM_CC_DIRECT,GO:0090734~site of DNA damage,11,0.392857143,0.075587706,"EXD2, HPF1, CBX5, CUL5, OARD1, CBX1, XPC, POLK, ERCC6, WDR76, DDB2",2549,30,12267,1.764574343,1,1,1
GOTERM_CC_DIRECT,GO:0031514~motile cilium,20,0.714285714,0.076209207,"BBS2, DYNC2H1, CATSPER2, INTU, SPAG4, STARD10, RSPH9, DYNC2LI1, TSGA10, IFT74, IFT52, DAAM1, IFT81, TTLL1, SCNN1A, ZBBX, CFAP36, SPA17, DLD, PAFAH1B1",2549,66,12267,1.458325903,1,1,1
GOTERM_CC_DIRECT,GO:0016605~PML body,26,0.928571429,0.076491995,"ZNF451, MRE11, CALCOCO2, SATB1, AKAP8L, SMC5, CHD3, CIART, TRIM8, RDM1, ZMYM2, BASP1, TP53INP1, ZBED1, TCF7L2, CBX5, ATRX, HIPK1, SIRT1, HIPK3, PIAS2, HIPK2, PIAS1, KAT6A, WDFY3, ATR",2549,91,12267,1.374992994,1,1,1
GOTERM_CC_DIRECT,GO:1904115~axon cytoplasm,19,0.678571429,0.077250232,"DYNC1H1, AGTPBP1, DST, HSBP1, FBXW11, HSPB1, SPG7, MAPK8IP3, BLOC1S6, SPAST, CALY, OPA1, KIF5B, KIF5A, NEFL, KIF1B, MGARP, MAPT, PAFAH1B1",2549,62,12267,1.474790873,1,1,1
GOTERM_CC_DIRECT,GO:0019897~extrinsic component of plasma membrane,8,0.285714286,0.080101119,"EEA1, USP8, NUMA1, FMR1, NUMB, SYTL1, MFGE8, TDGF1",2549,19,12267,2.026305466,1,1,1
GOTERM_CC_DIRECT,GO:0005615~extracellular space,170,6.071428571,0.080393153,"ERO1A, APP, TFRC, CSF1, IFI35, ENO1, METRNL, ENO2, SOGA1, FGF2, LOXL2, EFEMP2, LGALS1, EFEMP1, POTEI, DPYSL3, C1RL, NAMPT, HMCN2, HMGN2, PTGDS, SEMA6B, CHID1, CXADR, IGFBP5, SERPINF1, SEMA6D, IGFBP3, ENTPD5, FST, IGFBP2, PCOLCE, MIF, HSPG2, THNSL2, HLA-E, EEF1A1, SFRP1, TWSG1, OLFM2, FNDC4, BTD, COL4A2, LOX, COL4A1, COL4A6, COL4A5, ADAM9, SERPING1, ADNP, CFD, RTN3, COPA, COL13A1, LTBP4, STC1, PLA2G6, C9ORF72, PRH1, TTBK2, APELA, ADAMTS13, PODXL, STC2, PSAP, PGK1, ARSG, PIBF1, ABCA3, SSC5D, BMP7, COL1A1, BMP3, MOV10, BMP2, BMP1, COL1A2, COL5A1, NDUFAF7, CNOT1, CPD, DMXL2, COL9A1, LRRN1, CDK13, TDGF1, ITM2B, DDR1, GPI, NRP1, MOXD1, FLT1, TUT4, HILPDA, HMGB2, HSPB1, ADM, LAMC1, CTSV, CXCL3, HAPLN3, ELFN1, CXCL5, GHR, LRRTM3, LRRTM4, GLIPR2, MCF2L, TCTN1, GUSB, SERPINB1, PTGIS, TPI1, METRN, RNASET2, SERPINB9, C1QL3, ATRN, NPC2, COL6A2, MMP23B, COL6A1, CAT, TFF3, ANG, ANGPTL4, FAM20A, GAS6, MFGE8, ALDOA, COLEC12, LAMA5, COL11A1, GCNT1, CAPG, FSTL1, PRTG, CST3, TGFBR3L, SH3BGRL, MUC1, FAM184A, OLFML3, NTF3, CREG2, LRIG1, LRIG2, XDH, FKTN, GDF11, LINGO3, GSN, SEMA4D, GDF15, GOLM1, LGI4, F12, CMTM5, ZFC3H1, DKKL1, SULF1, SOD3, SORL1, SULF2, APLN, VEGFA, SMOC2, AXL, TPT1, NUCB2",2549,739,12267,1.107064725,1,1,1
GOTERM_CC_DIRECT,GO:0005788~endoplasmic reticulum lumen,56,2,0.08836303,"ERO1A, APP, CSF1, MIA3, LAMC1, LGALS1, COLGALT1, IGFBP5, IGFBP3, RNASET2, APLP2, P3H2, ADAM10, SUMF2, BACE1, SELENOM, COL4A2, COL4A1, COL6A2, COL6A1, COL4A6, MXRA8, COL4A5, SERPING1, MFGE8, GAS6, CES2, H6PD, COL13A1, COL11A1, FSTL1, LTBP1, HSP90B1, CST3, ADAMTS13, OS9, STC2, ESD, GPC3, ARSG, ARSD, UGGT2, EDEM3, MBTPS1, LAMB2, GOLM1, EDEM2, KTN1, COL1A1, COL1A2, COL5A1, P4HA1, P4HA2, P4HA3, COL9A1, HRC",2549,223,12267,1.208514022,1,1,1
GOTERM_CC_DIRECT,GO:0019898~extrinsic component of membrane,16,0.571428571,0.09178538,"MTMR3, TRIO, ARHGEF25, WDR45B, VPS13C, VPS13D, STK39, VPS13A, JAKMIP1, SYT6, BLOC1S6, BCL2L11, RB1CC1, MCF2L, TPR, WDFY3",2549,51,12267,1.509796229,1,1,1
GOTERM_CC_DIRECT,GO:0043034~costamere,7,0.25,0.094895282,"FXR1, SYNM, KRT19, SDC4, AHNAK, ANK3, FLNC",2549,16,12267,2.105458023,1,1,1
GOTERM_CC_DIRECT,GO:0097708~intracellular vesicle,5,0.178571429,0.096096562,"ABCA1, ITSN2, ITSN1, PLCG2, LRIG2",2549,9,12267,2.673597489,1,1,1
GOTERM_CC_DIRECT,GO:0016323~basolateral plasma membrane,43,1.535714286,0.097290675,"NDRG4, LRP1, TFRC, EPB41, STK39, SLC2A1, ATP12A, CLDN1, SLC8A2, DSTYK, HEPH, PDPN, PALM, MAP7, LEPR, SLC16A8, SLC12A6, CNNM2, SLC16A3, CNNM4, ABCA1, DSP, CA11, ABCC1, PIANP, SLC16A1, CXADR, TRPC4, ABCC6, ERBIN, ATP2B4, CASK, ANK3, ANK1, ADRA2A, MYO1D, SLC4A8, DLG1, NUMB, CTNNB1, ADAM9, PLPP3, NAIP",2549,167,12267,1.239140393,1,1,1